-- Populate data for Car Dealership Database
-- This script inserts random sample data into all tables

-- Manufacturer data (Производитель)
INSERT INTO "Производитель" VALUES
('MFR001', 'Toyota', 'Япония'),
('MFR002', 'Volkswagen', 'Германия'),
('MFR003', 'Ford', 'США'),
('MFR004', 'Honda', 'Япония'),
('MFR005', 'Hyundai', 'Южная Корея'),
('MFR006', 'BMW', 'Германия'),
('MFR007', 'Audi', 'Германия'),
('MFR008', 'Mercedes-Benz', 'Германия'),
('MFR009', 'Kia', 'Южная Корея'),
('MFR010', 'Nissan', 'Япония');

-- Model data (Модель)
INSERT INTO "Модель" VALUES
('MDL001', 'MFR001', 'Camry', 'Седан', 2018, 1800000.00),
('MDL002', 'MFR001', 'RAV4', 'Кроссовер', 2019, 2100000.00),
('MDL003', 'MFR002', 'Golf', 'Хэтчбек', 2018, 1500000.00),
('MDL004', 'MFR002', 'Tiguan', 'Кроссовер', 2020, 2300000.00),
('MDL005', 'MFR003', 'Focus', 'Седан', 2019, 1400000.00),
('MDL006', 'MFR003', 'Explorer', 'Внедорожник', 2021, 3500000.00),
('MDL007', 'MFR004', 'Civic', 'Седан', 2020, 1650000.00),
('MDL008', 'MFR004', 'CR-V', 'Кроссовер', 2021, 2250000.00),
('MDL009', 'MFR005', 'Elantra', 'Седан', 2019, 1350000.00),
('MDL010', 'MFR005', 'Santa Fe', 'Кроссовер', 2021, 2450000.00),
('MDL011', 'MFR006', '3 Series', 'Седан', 2020, 3200000.00),
('MDL012', 'MFR006', 'X5', 'Внедорожник', 2021, 5500000.00),
('MDL013', 'MFR007', 'A4', 'Седан', 2020, 3100000.00),
('MDL014', 'MFR007', 'Q5', 'Кроссовер', 2021, 4200000.00),
('MDL015', 'MFR008', 'C-Class', 'Седан', 2020, 3400000.00),
('MDL016', 'MFR008', 'GLC', 'Кроссовер', 2021, 4300000.00),
('MDL017', 'MFR009', 'Optima', 'Седан', 2019, 1550000.00),
('MDL018', 'MFR009', 'Sportage', 'Кроссовер', 2020, 2050000.00),
('MDL019', 'MFR010', 'Altima', 'Седан', 2019, 1700000.00),
('MDL020', 'MFR010', 'Rogue', 'Кроссовер', 2020, 2150000.00);

-- Car data (Автомобиль)
INSERT INTO "Автомобиль" VALUES
('VIN00000000000001', 'MDL001', 'Белый', 'Базовая комплектация с кондиционером', 2022, 'В наличии'),
('VIN00000000000002', 'MDL002', 'Черный', 'Полная комплектация с панорамной крышей', 2022, 'В наличии'),
('VIN00000000000003', 'MDL003', 'Серебристый', 'Базовая комплектация с мультимедиа', 2023, 'В наличии'),
('VIN00000000000004', 'MDL004', 'Синий', 'Полная комплектация с кожаным салоном', 2023, 'В наличии'),
('VIN00000000000005', 'MDL005', 'Красный', 'Средняя комплектация с климат-контролем', 2022, 'На тест-драйве'),
('VIN00000000000006', 'MDL006', 'Черный', 'Максимальная комплектация', 2023, 'В наличии'),
('VIN00000000000007', 'MDL007', 'Белый', 'Базовая комплектация с кондиционером', 2022, 'На тест-драйве'),
('VIN00000000000008', 'MDL008', 'Серый', 'Полная комплектация с навигацией', 2023, 'В наличии'),
('VIN00000000000009', 'MDL009', 'Красный', 'Базовая комплектация', 2022, 'Продан'),
('VIN00000000000010', 'MDL010', 'Белый', 'Полная комплектация с панорамной крышей', 2023, 'В наличии'),
('VIN00000000000011', 'MDL011', 'Черный', 'Бизнес комплектация с кожаным салоном', 2022, 'В наличии'),
('VIN00000000000012', 'MDL012', 'Серый', 'Полная комплектация с M-пакетом', 2023, 'В наличии'),
('VIN00000000000013', 'MDL013', 'Синий', 'Бизнес комплектация', 2022, 'Продан'),
('VIN00000000000014', 'MDL014', 'Белый', 'Полная комплектация с S-Line', 2023, 'В наличии'),
('VIN00000000000015', 'MDL015', 'Черный', 'Бизнес комплектация с кожаным салоном', 2022, 'В наличии'),
('VIN00000000000016', 'MDL016', 'Белый', 'Полная комплектация с AMG пакетом', 2023, 'Продан'),
('VIN00000000000017', 'MDL017', 'Серый', 'Базовая комплектация', 2022, 'В наличии'),
('VIN00000000000018', 'MDL018', 'Красный', 'Полная комплектация с панорамной крышей', 2023, 'В наличии'),
('VIN00000000000019', 'MDL019', 'Черный', 'Базовая комплектация с кондиционером', 2022, 'На тест-драйве'),
('VIN00000000000020', 'MDL020', 'Синий', 'Полная комплектация с навигацией', 2023, 'В наличии');

-- Option data (Опция)
INSERT INTO "Опция" VALUES
('OPT001', 'Панорамная крыша', 'Стеклянная крыша с электроприводом', 120000.00),
('OPT002', 'Кожаный салон', 'Премиальная кожаная отделка', 150000.00),
('OPT003', 'Навигационная система', 'Встроенная навигация с картами', 50000.00),
('OPT004', 'Камера заднего вида', 'Камера с динамической разметкой', 35000.00),
('OPT005', 'Подогрев сидений', 'Подогрев передних сидений', 25000.00),
('OPT006', 'Климат-контроль', 'Двухзонный климат-контроль', 40000.00),
('OPT007', 'Адаптивный круиз-контроль', 'Круиз-контроль с радаром', 70000.00),
('OPT008', 'Премиум аудиосистема', 'Аудиосистема с 10+ динамиками', 80000.00),
('OPT009', 'Вентиляция сидений', 'Вентиляция передних сидений', 35000.00),
('OPT010', 'Система контроля слепых зон', 'Мониторинг слепых зон с сигнализацией', 45000.00);

-- Customer data (Покупатель)
INSERT INTO "Покупатель" VALUES
('CST001', 'Иванов Иван Иванович', 'Физическое лицо', '+7 (900) 123-45-67', 'ivanov@example.com', 'г. Москва, ул. Ленина, д.10, кв.15'),
('CST002', 'ООО "ТрансЛогистика"', 'Юридическое лицо', '+7 (495) 222-33-44', 'info@translog.ru', 'г. Москва, Проспект Мира, д. 100'),
('CST003', 'Петрова Елена Сергеевна', 'Физическое лицо', '+7 (900) 987-65-43', 'petrova@example.com', 'г. Санкт-Петербург, Невский пр., д.20, кв.7'),
('CST004', 'АО "МегаСтрой"', 'Юридическое лицо', '+7 (812) 555-66-77', 'office@megastroy.ru', 'г. Санкт-Петербург, ул. Строителей, д. 15'),
('CST005', 'Сидоров Алексей Петрович', 'Физическое лицо', '+7 (900) 111-22-33', 'sidorov@example.com', 'г. Екатеринбург, ул. Мира, д.5, кв.10'),
('CST006', 'Козлова Наталья Владимировна', 'Физическое лицо', '+7 (900) 444-55-66', 'kozlova@example.com', 'г. Новосибирск, ул. Гагарина, д.7, кв.22'),
('CST007', 'ИП Соколов А.Н.', 'Юридическое лицо', '+7 (383) 777-88-99', 'sokolov@example.com', 'г. Новосибирск, ул. Советская, д. 30'),
('CST008', 'Кузнецов Дмитрий Александрович', 'Физическое лицо', '+7 (900) 333-22-11', 'kuznetsov@example.com', 'г. Казань, ул. Баумана, д.12, кв.5'),
('CST009', 'ООО "ТехноПром"', 'Юридическое лицо', '+7 (843) 111-00-11', 'info@technoprom.ru', 'г. Казань, ул. Промышленная, д. 5'),
('CST010', 'Морозова Светлана Игоревна', 'Физическое лицо', '+7 (900) 555-44-33', 'morozova@example.com', 'г. Самара, ул. Ленинградская, д.15, кв.8');

-- Employee data (Сотрудник)
INSERT INTO "Сотрудник" VALUES
('EMP001', 'Смирнов Андрей Викторович', 'Менеджер по продажам', '+7 (900) 111-22-33', 'smirnov@dealership.com'),
('EMP002', 'Новикова Елена Павловна', 'Администратор', '+7 (900) 222-33-44', 'novikova@dealership.com'),
('EMP003', 'Федоров Игорь Сергеевич', 'Менеджер по продажам', '+7 (900) 333-44-55', 'fedorov@dealership.com'),
('EMP004', 'Волкова Анна Дмитриевна', 'Менеджер по тест-драйву', '+7 (900) 444-55-66', 'volkova@dealership.com'),
('EMP005', 'Соколов Николай Александрович', 'Директор по продажам', '+7 (900) 555-66-77', 'sokolov@dealership.com');

-- Sales data (Продажа)
INSERT INTO "Продажа" VALUES
('SL001', 'CST001', 'VIN00000000000009', 'EMP001', '2023-02-15', 1400000.00, 'Наличный расчет'),
('SL002', 'CST002', 'VIN00000000000013', 'EMP003', '2023-03-10', 3350000.00, 'Банковский перевод'),
('SL003', 'CST004', 'VIN00000000000016', 'EMP001', '2023-04-05', 4600000.00, 'Кредит');

-- Payment data (Платеж)
INSERT INTO "Платеж" VALUES
('PMT001', 'SL001', '2023-02-15', 1400000.00, 'Наличные', 'Оплачен'),
('PMT002', 'SL002', '2023-03-10', 3350000.00, 'Банковский перевод', 'Оплачен'),
('PMT003', 'SL003', '2023-04-05', 1000000.00, 'Наличные', 'Оплачен'),
('PMT004', 'SL003', '2023-05-05', 300000.00, 'Банковский перевод', 'Оплачен'),
('PMT005', 'SL003', '2023-06-05', 300000.00, 'Банковский перевод', 'Оплачен'),
('PMT006', 'SL003', '2023-07-05', 300000.00, 'Банковский перевод', 'Ожидается');

-- Test drive data (Тест_драйв)
INSERT INTO "Тест_драйв" VALUES
('TD001', 'CST003', 'VIN00000000000005', 'EMP004', '2023-07-01 10:00:00', '2023-07-01 11:00:00', 'Городской маршрут', 'Клиент заинтересован в покупке'),
('TD002', 'CST005', 'VIN00000000000007', 'EMP004', '2023-07-02 15:00:00', '2023-07-02 16:00:00', 'Загородная трасса', 'Клиент хочет сравнить с конкурентами'),
('TD003', 'CST008', 'VIN00000000000019', 'EMP004', '2023-07-03 12:00:00', '2023-07-03 13:00:00', 'Смешанный маршрут', 'Клиент планирует покупку через месяц');

-- Car-Option data (Автомобиль_Опция)
INSERT INTO "Автомобиль_Опция" VALUES
('VIN00000000000001', 'OPT005'),
('VIN00000000000001', 'OPT006'),
('VIN00000000000002', 'OPT001'),
('VIN00000000000002', 'OPT002'),
('VIN00000000000002', 'OPT003'),
('VIN00000000000003', 'OPT004'),
('VIN00000000000003', 'OPT006'),
('VIN00000000000004', 'OPT001'),
('VIN00000000000004', 'OPT002'),
('VIN00000000000004', 'OPT003'),
('VIN00000000000005', 'OPT005'),
('VIN00000000000005', 'OPT006'),
('VIN00000000000006', 'OPT001'),
('VIN00000000000006', 'OPT002'),
('VIN00000000000006', 'OPT003'),
('VIN00000000000006', 'OPT004'),
('VIN00000000000006', 'OPT005'),
('VIN00000000000006', 'OPT006'),
('VIN00000000000006', 'OPT007'),
('VIN00000000000006', 'OPT008'),
('VIN00000000000007', 'OPT005'),
('VIN00000000000007', 'OPT006'),
('VIN00000000000008', 'OPT002'),
('VIN00000000000008', 'OPT003'),
('VIN00000000000008', 'OPT004'),
('VIN00000000000009', 'OPT004'),
('VIN00000000000009', 'OPT005'),
('VIN00000000000010', 'OPT001'),
('VIN00000000000010', 'OPT002'),
('VIN00000000000010', 'OPT003'),
('VIN00000000000011', 'OPT002'),
('VIN00000000000011', 'OPT003'),
('VIN00000000000011', 'OPT005'),
('VIN00000000000011', 'OPT006'),
('VIN00000000000012', 'OPT001'),
('VIN00000000000012', 'OPT002'),
('VIN00000000000012', 'OPT003'),
('VIN00000000000012', 'OPT007'),
('VIN00000000000012', 'OPT008'),
('VIN00000000000013', 'OPT002'),
('VIN00000000000013', 'OPT003'),
('VIN00000000000013', 'OPT005'),
('VIN00000000000013', 'OPT006'),
('VIN00000000000014', 'OPT001'),
('VIN00000000000014', 'OPT002'),
('VIN00000000000014', 'OPT003'),
('VIN00000000000014', 'OPT007'),
('VIN00000000000014', 'OPT008'),
('VIN00000000000015', 'OPT002'),
('VIN00000000000015', 'OPT003'),
('VIN00000000000015', 'OPT005'),
('VIN00000000000015', 'OPT006'),
('VIN00000000000016', 'OPT001'),
('VIN00000000000016', 'OPT002'),
('VIN00000000000016', 'OPT003'),
('VIN00000000000016', 'OPT007'),
('VIN00000000000016', 'OPT008'); 